Tải ảnh lên tại đây,Kết quả nhận diện,timestamp
.gradio\flagged\Tải ảnh lên tại đây\a821d7aee07fa87c3b27\download.jpg,.gradio\flagged\Kết quả nhận diện\de82aa170710097b18b4\image.webp,2026-06-09 16:41:36.997286
.gradio\flagged\Tải ảnh lên tại đây\23d84c020bbbfab8c3c8\download.jpg,.gradio\flagged\Kết quả nhận diện\0768ffce0c09d06ac0da\image.webp,2026-06-09 16:41:43.513408
.gradio\flagged\Tải ảnh lên tại đây\4bb4b7d9fb78630a41a0\download.jpg,.gradio\flagged\Kết quả nhận diện\7036386a382056fb9e9a\image.webp,2026-06-09 16:41:50.762581
.gradio\flagged\Tải ảnh lên tại đây\872466155f1de7e24506\download.jpg,.gradio\flagged\Kết quả nhận diện\0fef90d9f5e40af92bc8\image.webp,2026-06-09 16:41:52.678485
.gradio\flagged\Tải ảnh lên tại đây\7e5b09f820ad922bfbeb\ffhq_15.png,.gradio\flagged\Kết quả nhận diện\4963bf43504093568b50\image.webp,2026-06-09 18:03:55.882341
.gradio\flagged\Tải ảnh lên tại đây\3dd1e7286ecf670e5a74\ffhq_102.png,.gradio\flagged\Kết quả nhận diện\2416e6d6d2883d3a6c58\image.webp,2026-06-10 00:51:19.434713
.gradio\flagged\Tải ảnh lên tại đây\3952b97b523d0e95c1a5\ffhq_102.png,.gradio\flagged\Kết quả nhận diện\24a7bd12a18370e3ce68\image.webp,2026-06-10 00:52:26.933360
.gradio\flagged\Tải ảnh lên tại đây\ce82fa3b73d1c89f7555\ffhq_102.png,.gradio\flagged\Kết quả nhận diện\91651dbd33de738869bd\image.webp,2026-06-10 00:52:28.998377
.gradio\flagged\Tải ảnh lên tại đây\21e80a59c5050168b6a5\ffhq_102.png,.gradio\flagged\Kết quả nhận diện\a3884999dd9f60f1d18c\image.webp,2026-06-10 00:52:30.491747
.gradio\flagged\Tải ảnh lên tại đây\507561f894f6d6171bf1\ffhq_102.png,.gradio\flagged\Kết quả nhận diện\057abfac2df2549bdf04\image.webp,2026-06-10 00:52:32.345099
